Cours,Moniteur,Date,Horaire,Lieu
1 et 2,Alain,09.03.2026,18h-22h,AMI auto-école
3 et 4,Alain,10.03.2026,18h-22h,AMI auto-école
1 et 2,Alain,30.03.2026,18h-22h,AMI auto-école
3 et 4,Alain,31.03.2026,18h-22h,AMI auto-école
1 et 2,Alain,27.04.2026,18h-22h,AMI auto-école
3 et 4,Alain,28.04.2026,18h-22h,AMI auto-école
1 et 2,Alain,26.05.2026,18h-22h,AMI auto-école
3 et 4,Alain,27.05.2026,18h-22h,AMI auto-école
1 et 2,Alain,22.06.2026,18h-22h,AMI auto-école
3 et 4,Alain,23.06.2026,18h-22h,AMI auto-école
1 et 2,Alain,13.07.2026,18h-22h,AMI auto-école
3 et 4,Alain,14.07.2026,18h-22h,AMI auto-école
1 et 2,Alain,24.08.2026,18h-22h,AMI auto-école
3 et 4,Alain,25.08.2026,18h-22h,AMI auto-école
